<?xml version="1.0" encoding="UTF-8"?>
<Configuration monitorInterval="60">
    <Properties>
        <Property name="app_id">${env:USERNAME}</Property>
        <Property name="log_path">logs</Property>
        <Property name="app_name">crc_main</Property>
        <Property name="pattern">${app_id}-%d{yyyy-MM-dd HH:mm:ss,SSS}|%-5level|%t|%c{5.}.%M:%L|%replace{%msg}{\s+}{ }%n</Property>
        <Property name="pattern_none_location">${app_id}-%d{yyyy-MM-dd HH:mm:ss,SSS}|%-5level|%t|%replace{%msg}{\s+}{ }%n</Property>
    </Properties>

    <Appenders>
        <Console name="Console" target="SYSTEM_OUT" follow="true">
            <PatternLayout>
                <Pattern>${pattern}</Pattern>
            </PatternLayout>
        </Console>

        <RollingFile name="debug_file" fileName="${log_path}/debug_${app_id}.log" filePattern="logs/$${date:yyyy-MM}/${app_id}_debug-%d{MM-dd-yyyy}-%i.log.gz">
            <PatternLayout>
                <Pattern>${pattern}</Pattern>
            </PatternLayout>
            <ThresholdFilter level="debug" onMatch="ACCEPT" onMismatch="DENY"/>
            <Policies>
                <TimeBasedTriggeringPolicy />
                <SizeBasedTriggeringPolicy size="10 MB"/>
            </Policies>
            <DefaultRolloverStrategy compressionLevel = "5"/>
        </RollingFile>

        <RollingFile name="info_file" fileName="${log_path}/info_${app_id}.log" filePattern="logs/$${date:yyyy-MM}/${app_id}_info-%d{MM-dd-yyyy}-%i.log.gz">
            <PatternLayout>
                <Pattern>${pattern}</Pattern>
            </PatternLayout>
            <ThresholdFilter level="info" onMatch="ACCEPT" onMismatch="DENY" />
            <Policies>
                <TimeBasedTriggeringPolicy />
                <SizeBasedTriggeringPolicy size="10 MB"/>
            </Policies>
        </RollingFile>

        <!--<RollingFile name="error_file" fileName="${log_path}/error_${app_id}.log" filePattern="logs/$${date:yyyy-MM}/${app_id}_info-%d{MM-dd-yyyy}-%i.log.gz">-->
            <!--<PatternLayout>-->
                <!--<Pattern>${pattern}</Pattern>-->
            <!--</PatternLayout>-->
            <!--<ThresholdFilter level="error" onMatch="ACCEPT" onMismatch="DENY" />-->
            <!--<Policies>-->
                <!--<TimeBasedTriggeringPolicy />-->
                <!--<SizeBasedTriggeringPolicy size="10 MB"/>-->
            <!--</Policies>-->
        <!--</RollingFile>-->

        <!--<RollingFile name="recv_file" fileName="${log_path}/${app_name}_recv.log" filePattern="logs/$${date:yyyy-MM}/${app_name}_recv-%d{MM-dd-yyyy}-%i.log.gz">
            <PatternLayout>
                <Pattern>${app_id}-%d{yyyy-MM-dd HH:mm:ss,SSS}|%-5level|%t|%replace{%msg}{\s+}{ }%n</Pattern>
            </PatternLayout>
            <Policies>
                <TimeBasedTriggeringPolicy />
                <SizeBasedTriggeringPolicy size="10 MB"/>
            </Policies>
        </RollingFile>
        <Async name="recv_asyc">
            <AppenderRef ref="recv_file"/>
            &lt;!&ndash;<errorRef ref="error_file" />&ndash;&gt;
        </Async>

        <RollingFile name="send_file" fileName="${log_path}/${app_name}_send.log" filePattern="logs/$${date:yyyy-MM}/${app_name}_send-%d{MM-dd-yyyy}-%i.log.gz">
            <PatternLayout>
                <Pattern>${app_id}-%d{yyyy-MM-dd HH:mm:ss,SSS}|%-5level|%t|%replace{%msg}{\s+}{ }%n</Pattern>
            </PatternLayout>
            <Policies>
                <TimeBasedTriggeringPolicy />
                <SizeBasedTriggeringPolicy size="10 MB"/>
            </Policies>
        </RollingFile>
        <Async name="send_asyc">
            <AppenderRef ref="send_file"/>
            &lt;!&ndash;<errorRef ref="error_file" />&ndash;&gt;
        </Async>-->

        <!--<Routing name="routing_appender">
            <Routes pattern="$${marker:}">
                <Route key="RECV" ref="recv_asyc"/>
                <Route key="SEND" ref="send_asyc"/>
            </Routes>
        </Routing>-->

        <File name="error_file" fileName="${log_path}/error_${app_id}.log">
            <PatternLayout>
                <Pattern>${pattern}</Pattern>
            </PatternLayout>
            <ThresholdFilter level="error" onMatch="ACCEPT" onMismatch="DENY"/>
        </File>
    </Appenders>
    <Loggers>
        <!-- 收发数据日志 -->
        <!--<AsyncLogger name="com.cricket.dataservice.update" level="trace" includeLocation="false" >
            <AppenderRef ref="routing_appender"/>
        </AsyncLogger>-->

        <!--
        <Logger name="org.springframework.cloud.stream.binder.rabbit" level="info" /> &lt;!&ndash;stream使用&ndash;&gt;-->
        <Logger name="org.springframework.boot.autoconfigure" level="debug" includeLocation="true" />
        <Logger name="com.console" level="debug" includeLocation="true" />
        <Root level="info" includeLocation="false">
            <AppenderRef ref="info_file" />
             <AppenderRef ref="error_file" />
            <!--<AppenderRef ref="debug_file" />
            <AppenderRef ref="trace_file" />-->
            <AppenderRef ref="Console" />
        </Root>
    </Loggers>
</Configuration>